"LABEL","STOPNUMBER","SHELTERTYPE","SERVICEDAYS","TRANSFERPOINT","BENCH","GARBAGECAN","SHELTER","LATITUDE","LONGITUDE"
"Station Tower",,,"Daily","No","No","NO","No",46.51103779,-84.33493413
"B.S.",,"New Dome Shelter","Daily","No","Yes","YES","Yes",46.50809445,-84.33107464
"Bay Tower",,,"Daily","No","Yes","NO","No",46.50812532,-84.33143706
"Lyons Tim-Br Mart",,,"Daily","No","No","NO","No",46.51797172,-84.28811124
,,,"Daily","No","No","NO","No",46.53711517,-84.2404705
"Civic # 418",,,"Daily","No","No","NO","No",46.52584811,-84.33827742
"Beside Civic # 5",,,"Daily","No","No","NO","No",46.53859205,-84.32954926
"B.S.",,"New Dome Shelter","Daily","Yes","Yes","YES","Yes",46.53807721,-84.32861161
"Phatboy Fireworks",,,"Daily","No","No","NO","No",46.53830214,-84.32097135
"Across from Civic # 466",,,"Daily","No","No","NO","No",46.51490561,-84.30755116
,,"New Double Dome Shelter","Daily","No","Yes","YES","Yes",46.50188011,-84.28864446
,,"Bus Terminal","Daily","No","Yes","NO","Yes",46.51557773,-84.33782511
"Railroad Tracks",,,"Daily","No","No","NO","No",46.50980467,-84.31928045
"Royal Cdn. Legion",,,"Daily","No","No","YES","No",46.52832324,-84.31927686
"OPSEU",,,"Daily","No","No","YES","No",46.53035719,-84.31927035
"B.S.",,"New Dome Shelter","Daily","No","Yes","YES","Yes",46.52169877,-84.31434628
"South of Amber St",,,"Daily","No","No","NO","No",46.51327107,-84.25494733
,,,"Daily","No","No","NO","No",46.51988118,-84.2499461
"Civic # 973",,,"Daily","No","No","NO","No",46.54518689,-84.35098974
"Across from Murton Ave.",,,"Daily","No","No","NO","No",46.5447052,-84.36673047
,,,"Weekdays","No","No","NO","No",46.54057145,-84.32947354
"Civic # 1579",,,"Daily","No","No","NO","No",46.4988412,-84.28502953
,,,"Daily","No","No","NO","No",46.51384305,-84.33987747
"Armstrong Audiology",,,"Daily","No","No","NO","No",46.51565608,-84.33271604
"Civic # 183",,,"Daily","No","No","NO","No",46.5166365,-84.3353881
"Civic # 601",,,"Daily","No","No","NO","No",46.53121847,-84.37601906
"Civic # 1298",,,"Daily","No","No","NO","No",46.50330283,-84.29788669
"Across from Civic # 1298",,,"Daily","No","No","NO","No",46.50315588,-84.2980058
"Golf Course Parking Lot",,,"Daily","No","No","NO","No",46.4969501,-84.2741052
"Civic # 224",,,"Daily","No","No","NO","No",46.52299731,-84.25512965
,,,"Daily","No","No","NO","No",46.52952261,-84.25781769
"B.S.",,"New Dome Shelter","Daily","No","Yes","NO","Yes",46.51432499,-84.33652987
,,,"Daily","No","No","NO","No",46.52593601,-84.2659595
"TD Canada Trust",,,"Daily","No","No","NO","No",46.51568655,-84.28614457
"Steelton Shoes",,,"Daily","No","No","NO","No",46.52393962,-84.34352182
"Civic # 280",,,"Daily","No","No","NO","No",46.53241879,-84.34836687
"Car Wash",,,"Daily","No","No","NO","No",46.53230997,-84.34854483
"Across from Civic # 636",,,"Daily","No","No","NO","No",46.54172467,-84.36919674
"Civic # 122",,,"Daily","No","No","NO","No",46.50422029,-84.29525718
,,"Old Shelter","Daily","No","Yes","YES","Yes",46.51559828,-84.34233603
,,,"Weekdays","No","No","NO","No",46.5077971,-84.331206
,,,"Weekdays","No","No","NO","No",46.50707139,-84.33088829
"Lennox Park",,,"Daily","No","No","NO","No",46.53768171,-84.34780362
,,,"Weekdays","No","No","NO","No",46.53568488,-84.31667902
,,,"Weekdays","No","No","NO","No",46.52516041,-84.31775964
,,,"Weekdays","No","No","NO","No",46.52310809,-84.30777727
"Civic # 366",,,"Daily","No","No","YES","No",46.52521197,-84.3433175
,,,"Daily","No","No","NO","No",46.55184847,-84.3119187
"B.S.",,"New Half Shelter","Daily","No","Yes","YES","Yes",46.50559367,-84.31913972
"Shogun Sushi",,,"Daily","No","No","YES","No",46.53555584,-84.31866289
"Home Hardware",,,"Daily","No","No","YES","No",46.53851914,-84.32097945
"Gateview Realty",,,"Daily","No","No","NO","No",46.53839304,-84.32478736
"Civic # 496",,,"Daily","No","No","NO","No",46.53720954,-84.37488034
"ReStore",,,"Daily","No","No","NO","No",46.53824512,-84.33446653
"Étienne Brûlé School",,,"Daily","No","No","NO","No",46.51819715,-84.34533862
"Civic # 620",,,"Daily","No","No","NO","No",46.51949317,-84.35695208
,,,"Daily","No","No","NO","No",46.51982041,-84.35934273
"Across from Civic # 684",,,"Daily","No","No","NO","No",46.52084873,-84.35864071
"Across from Civic # 588",,,"Daily","No","No","NO","No",46.5205062,-84.35582299
"Civic # 165",,,"Daily","No","No","NO","No",46.51949509,-84.34471317
"Civic # 472",,,"Daily","No","No","NO","No",46.52821185,-84.34270562
"Civic # 520",,,"Daily","No","No","NO","No",46.52950043,-84.34241323
"Civic # 549",,,"Daily","No","No","NO","No",46.53032825,-84.34238247
"Across from Civic # 145",,,"Daily","No","No","NO","No",46.531773,-84.34264084
"Civic # 145",,,"Daily","No","No","NO","No",46.5316744,-84.34276236
"Beside Civic # 594",,,"Daily","No","No","NO","No",46.53197347,-84.34553223
"Civic # 54",,,"Daily","No","No","NO","No",46.53397435,-84.3533841
"Civic # 139",,,"Daily","No","No","NO","No",46.53374292,-84.35747098
"Civic # 166",,,"Daily","No","No","NO","No",46.53383491,-84.3591148
"Civic # 439",,,"Daily","No","No","NO","No",46.53145637,-84.36757709
"Civic # 490",,,"Daily","No","No","NO","No",46.53152253,-84.36965374
"Across from Civic # 161",,,"Daily","No","No","NO","No",46.53137463,-84.38960116
"Civic # 906",,,"Daily","No","No","NO","No",46.52954357,-84.39086986
,,,"Daily","No","No","NO","No",46.53159195,-84.40544387
,,,"Daily","No","No","NO","No",46.53626862,-84.40849955
"B.S.",,"Old Shelter","Daily","No","Yes","NO","Yes",46.52070318,-84.35597327
"Lou's Automotive",,,"Daily","No","No","YES","No",46.51423913,-84.33414044
"B.S.",,"New Dome Shelter","Daily","No","Yes","YES","Yes",46.50935057,-84.29886034
"B.S.",,"New Dome Shelter","Daily","No","Yes","YES","Yes",46.50950732,-84.29645301
"Civic # 1572",,,"Daily","No","No","NO","No",46.50953703,-84.29101394
"Emmaus Anglican Church",,,"Daily","No","No","NO","No",46.50939436,-84.28635762
"B.S.",,"Old Shelter","Daily","No","Yes","YES","Yes",46.50959372,-84.28398997
"Civic # 48",,,"Daily","No","No","NO","No",46.51005133,-84.28058143
"Across from Par Ave.",,,"Daily","No","No","NO","No",46.51017085,-84.27352804
"Civic # 424",,,"Daily","No","No","NO","No",46.51509036,-84.27073679
,,,"Daily","No","No","NO","No",46.5251766,-84.27599112
,,,"Daily","No","No","NO","No",46.52970064,-84.27549199
"B.S.",,"New Dome Shelter","Daily","Yes","Yes","YES","Yes",46.52627284,-84.26227681
"B.S.",,"New Dome Shelter","Daily","No","Yes","YES","Yes",46.52363456,-84.25685608
"Civic # 364",,,"Daily","No","No","NO","No",46.52017548,-84.26018445
"B.S.",,"Old Shelter","Daily","No","No","YES","Yes",46.51894167,-84.26145433
"Civic # 278",,,"Daily","No","No","NO","No",46.51756793,-84.26283417
"Civic # 220",,,"Daily","No","No","YES","No",46.51595484,-84.26447302
"Civic # 114",,,"Daily","No","No","NO","No",46.51294221,-84.26753438
"B.S.",,"New Dome Shelter","Daily","No","Yes","YES","Yes",46.50550125,-84.31738331
"B.S.",,"Casino Shelter","Daily","No","Yes","YES","Yes",46.51790253,-84.34256714
,,,"Daily","No","No","NO","No",46.54865672,-84.31824174
"B.S.",,"New Dome Shelter","Daily","No","Yes","YES","Yes",46.51336746,-84.33804001
,,,"Daily","No","No","NO","No",46.52953393,-84.2705187
"B.S.",,"New Dome Shelter","Daily","No","Yes","YES","Yes",46.50945931,-84.31595035
"Civic # 571",,,"Daily","No","No","NO","No",46.51548168,-84.29483758
"Across from B.S.",,,"Daily","No","No","NO","No",46.53121421,-84.38075456
"Civic # 4",,,"Daily","No","No","NO","No",46.51074593,-84.30684671
"Bruce St. Storage",,,"Daily","No","No","NO","No",46.51565874,-84.33237109
"Across from Civic # 1469-A",,,"Daily","No","No","NO","No",46.50074322,-84.29022318
"B.S.",,"New Dome Shelter","Daily","No","Yes","YES","Yes",46.50766006,-84.25927543
,,,"Daily","No","No","NO","No",46.52480818,-84.2451473
,,,"Daily","No","No","NO","No",46.52189519,-84.24158236
,,,"Daily","No","No","NO","No",46.52065836,-84.24378925
"Across from Civic # 397",,,"Daily","Yes","No","NO","No",46.52636597,-84.26210666
,,,"Daily","No","No","NO","No",46.52505178,-84.25938013
"John Street Park",,,"Daily","No","No","NO","No",46.52126019,-84.34421394
,,,"Daily","No","No","NO","No",46.54324532,-84.38767325
"Across from Northland Rd.",,,"Daily","No","No","NO","No",46.53212928,-84.34578493
"Flying J Truck Stop",,,"Daily","No","No","NO","No",46.55680785,-84.31976171
"Civic # 278",,,"Daily","No","No","NO","No",46.53753239,-84.36412187
"Civic # 604",,,"Daily","No","No","NO","No",46.53707333,-84.38014335
,,,"Daily","No","No","NO","No",46.54516958,-84.3827502
,,,"Daily","No","No","NO","No",46.5450733,-84.38663747
,,,"Daily","No","No","NO","No",46.54221873,-84.38837612
"Civic # 531",,,"Daily","No","No","NO","No",46.53702162,-84.37660142
,,,"Daily","No","No","NO","No",46.53710335,-84.37356066
"Pet Valu",,,"Daily","No","No","NO","No",46.53749824,-84.35669932
"Civic # 67",,,"Daily","No","No","NO","No",46.53757453,-84.35376883
"Civic # 1737",,,"Daily","No","No","NO","No",46.49684173,-84.27706493
,,,"Daily","No","No","NO","No",46.512348,-84.25564735
"B.S.",,"New Dome Shelter","Daily","No","Yes","YES","Yes",46.52168575,-84.30788565
"Community of Christ",,,"Daily","No","No","NO","No",46.52174831,-84.29854749
"Across from Civic # 508",,,"Daily","No","No","NO","No",46.51812896,-84.29557962
"Howard Johnson",,,"Daily","No","No","NO","No",46.51884429,-84.28044494
"B.S.",,"New Dome Shelter","Daily","No","Yes","YES","Yes",46.51012206,-84.27759419
"Civic # 390",,,"Daily","No","No","NO","No",46.52189017,-84.30857453
"B.S.",,"New Dome Shelter","Daily","No","Yes","YES","Yes",46.52134144,-84.31955168
"Across from Civic # 340",,,"Daily","No","No","NO","No",46.51954062,-84.32661905
,,,"Daily","No","No","NO","No",46.51741097,-84.32996621
"Civic # 91",,,"Daily","No","No","NO","No",46.54137923,-84.32969046
"Across from Churchill Ave.",,,"Daily","No","No","NO","No",46.53962004,-84.35041552
"Civic # 1086",,,"Daily","No","No","NO","No",46.54872956,-84.35102521
"Gino's Restaurant",,,"Daily","No","No","NO","No",46.55954598,-84.32001012
,,,"Daily","No","No","NO","No",46.56168831,-84.32020492
"Civic # 1345",,,"Daily","No","No","NO","No",46.55766296,-84.35174434
"Civic # 128",,,"Daily","No","No","NO","No",46.53771543,-84.35689092
"Civic # 124",,,"Daily","No","No","NO","No",46.52596956,-84.3152427
"Circle K",,,"Daily","No","No","NO","No",46.52145843,-84.30755398
,,,"Daily","No","No","NO","No",46.50407795,-84.30074873
"Wacky Wings",,,"Daily","No","No","NO","No",46.51327699,-84.29535327
"B.S.",,"Old Shelter","Daily","No","Yes","YES","Yes",46.50708075,-84.32871193
,,,"Weekdays","No","No","NO","No",46.53497869,-84.30364258
,,,"Weekdays","No","No","NO","No",46.52377244,-84.31267154
"Civic # 101",,,"Weekdays","No","No","NO","No",46.523797,-84.31006921
"Across from Civic # 72",,,"Daily","No","No","YES","No",46.55229248,-84.34762138
"Across from Civic # 154",,,"Daily","No","No","YES","No",46.55241021,-84.34349021
"B.S.",,"Old Shelter","Daily","No","No","NO","Yes",46.53178053,-84.34397167
"B.S.",,"New Dome Shelter","Daily","No","Yes","YES","Yes",46.51013256,-84.33100713
"Civic # 188",,,"Daily","No","No","NO","No",46.50900669,-84.31944759
"Civic # 1236",,,"Daily","No","No","YES","No",46.50948562,-84.30670773
"Civic # 1241",,,"Daily","No","No","YES","No",46.5093238,-84.30689875
"Civic # 1291",,,"Daily","No","No","YES","No",46.50932831,-84.30391369
"B.S.",,"New Half Shelter","Daily","No","Yes","YES","Yes",46.5027188,-84.26407847
"Across from Civic # 21",,,"Daily","No","No","NO","No",46.51037205,-84.27014383
"Across from Civic # 426",,,"Daily","No","No","NO","No",46.52009777,-84.32134667
"Collegiate Heights",,,"Weekdays","No","No","NO","No",46.5154219,-84.32508637
,,,"Weekdays","No","No","NO","No",46.52594588,-84.31700196
,,"New Dome Shelter","Daily","Yes","Yes","NO","Yes",46.54886144,-84.31200613
,,,"Weekdays","No","No","NO","No",46.53496938,-84.32220959
,,,"Weekdays","No","No","NO","No",46.53937505,-84.33624576
,,,"Weekdays","No","No","NO","No",46.54018957,-84.33550511
,,"Old Shelter","Daily","No","Yes","YES","Yes",46.53629666,-84.40147235
"B.S.",,"New Dome Shelter","Daily","No","Yes","NO","Yes",46.5079339,-84.33216206
"B.S.",,"New Dome Shelter","Daily","No","Yes","YES","Yes",46.53966738,-84.33474029
,,"New Dome Shelter","Daily","No","No","NO","Yes",46.50687853,-84.30259521
,,,"Daily","No","No","NO","No",46.53081429,-84.261932
"Zion Lutheran Church",,,"Daily","No","No","NO","No",46.50931873,-84.31229616
"Northern Community Centre",,,"Daily","No","No","NO","No",46.53897698,-84.38187832
"Civic # 1059",,,"Daily","No","No","NO","No",46.50932678,-84.31063376
"Civic # 1487",,,"Daily","No","No","NO","No",46.50937637,-84.29598515
"Beside Civic # 384",,,"Daily","No","No","NO","No",46.50941451,-84.28283393
"Across from Civic # 48",,,"Daily","No","No","NO","No",46.50986711,-84.2805175
"PUC Substation",,,"Daily","No","No","NO","No",46.51051523,-84.27076915
"Civic # 366",,,"Daily","No","No","NO","No",46.51328212,-84.27076168
"B.S.",,"Old Shelter","Daily","No","Yes","YES","Yes",46.52363749,-84.27594541
,,,"Daily","No","No","NO","No",46.5263815,-84.27532921
"Civic # 111",,,"Daily","No","No","NO","No",46.51723156,-84.33812237
"Across from Civic # 408",,,"Daily","No","No","NO","No",46.51280319,-84.33225058
"Civic # 469",,,"Daily","No","No","NO","No",46.51157373,-84.3306023
"Civic # 513",,,"Daily","No","No","NO","No",46.51089632,-84.3297093
"Muio's",,,"Daily","No","No","NO","No",46.50757574,-84.32828007
"B.S.",,"New Dome Shelter","Daily","No","Yes","YES","Yes",46.50671317,-84.32922723
"Civic # 136",,,"Daily","No","No","NO","No",46.50702637,-84.32082398
"Across from Civic # 1096",,,"Daily","No","No","NO","No",46.50932953,-84.30911396
"Civic # 1533",,,"Daily","No","No","NO","No",46.50938601,-84.29357065
"Civic # 1565",,,"Daily","No","No","NO","No",46.5093918,-84.29196857
"Across from Civic # 1596",,,"Daily","No","No","NO","No",46.50939987,-84.2892031
"West of Heath Rd.",,,"Daily","No","No","NO","No",46.50997043,-84.27696016
"Across from Fire Hall",,,"Daily","No","No","NO","No",46.51003365,-84.27287374
,,,"Daily","No","No","NO","No",46.52720525,-84.27538461
,,,"Daily","No","No","NO","No",46.52860326,-84.27544271
,,,"Daily","No","No","NO","No",46.53075073,-84.27546409
,,,"Daily","No","No","NO","No",46.53077918,-84.27330954
,,,"Daily","No","No","NO","No",46.53077852,-84.27074763
"Across from Civic # 88",,,"Daily","No","No","NO","No",46.52644216,-84.27186914
,,,"Daily","No","No","NO","No",46.52522701,-84.27099615
,,,"Daily","Yes","No","NO","No",46.52388401,-84.2710143
"Road House",,,"Daily","No","No","NO","No",46.52347914,-84.26984036
"Civic # 329",,,"Daily","No","No","NO","No",46.52483887,-84.25929501
"Civic # 440",,,"Daily","No","No","NO","No",46.52245559,-84.25786284
"Civic # 410",,,"Daily","No","No","NO","No",46.52147134,-84.25886824
"Civic # 178",,,"Daily","No","No","NO","No",46.51476862,-84.26567981
"Civic # 72",,,"Daily","No","No","NO","No",46.51184453,-84.2686473
"Civic # 1616",,,"Daily","No","No","NO","No",46.50955121,-84.28739929
"Civic # 1532",,,"Daily","No","No","NO","No",46.50953142,-84.29369873
"Civic # 1294",,,"Daily","No","No","NO","No",46.50950563,-84.3038078
"Civic # 1096",,,"Daily","No","No","NO","No",46.50947043,-84.3091083
"Civic # 1052",,,"Daily","No","No","NO","No",46.50946512,-84.31110454
"Civic # 125",,,"Daily","No","No","NO","No",46.50720727,-84.32267907
"Precious Blood Cathedral",,,"Daily","No","No","NO","No",46.50718218,-84.32605594
"B.S.",,"New Dome Shelter","Daily","No","Yes","NO","Yes",46.50795017,-84.3281195
"Roberta Bondar Place",,,"Daily","No","No","NO","No",46.50907347,-84.33527893
"Station Tower - South Entrance",,,"Daily","No","No","NO","No",46.51005643,-84.33606565
,,,"Daily","No","No","NO","No",46.51464072,-84.34108416
"Civic # 60",,,"Daily","No","No","NO","No",46.51440997,-84.33866776
"International Bridge Plaza",,,"Daily","No","No","NO","No",46.51851811,-84.34829045
"Across from Verdi Hall",,,"Daily","No","No","NO","No",46.51898361,-84.35238717
"B.S.",,"Old Shelter","Daily","No","No","YES","Yes",46.51987202,-84.35913032
"Across from Civic # 165",,,"Daily","No","No","NO","No",46.51969255,-84.34450354
"Civic # 432",,,"Daily","No","No","NO","No",46.52707349,-84.34293225
"Civic # 568",,,"Daily","No","No","NO","No",46.53072262,-84.34213788
"Civic # 4",,,"Daily","No","No","NO","No",46.53404433,-84.35055792
"Civic # 284",,,"Daily","No","No","NO","No",46.53254681,-84.36089881
"Civic # 328",,,"Daily","No","No","YES","No",46.53182858,-84.36309682
"Across from Civic # 391",,,"Daily","No","No","NO","No",46.53163073,-84.36565233
"Civic # 442",,,"Daily","No","No","YES","No",46.53157532,-84.36773617
"Civic # 530",,,"Daily","No","No","NO","No",46.53144649,-84.37261269
"Across from Civic # 611",,,"Daily","No","No","NO","No",46.53130809,-84.37738323
"East side of creek",,,"Daily","No","No","YES","No",46.53154993,-84.38228399
,,,"Daily","No","No","NO","No",46.53149675,-84.38475736
"Beside Civic # 79",,,"Daily","No","No","NO","No",46.52942149,-84.39529227
"Across from Civic # 223",,,"Daily","No","No","NO","No",46.52953458,-84.40243717
,,,"Daily","No","No","NO","No",46.53058096,-84.40312821
,,,"Daily","No","No","NO","No",46.53073511,-84.4049979
"Beside Civic # 334",,,"Daily","No","No","NO","No",46.53146345,-84.41105771
,,,"Daily","No","No","NO","No",46.53287759,-84.41160496
,,,"Daily","No","No","NO","No",46.53468979,-84.41169108
,,,"Daily","No","No","NO","No",46.53594785,-84.41177616
,,,"Daily","No","No","NO","No",46.53637274,-84.40340634
,,,"Daily","No","No","NO","No",46.53650533,-84.39825762
,,,"Daily","No","No","NO","No",46.5365802,-84.39489812
,,,"Daily","No","No","YES","No",46.53670463,-84.39030781
,,,"Daily","No","No","NO","No",46.53674569,-84.38789309
"B.S.",,"New Dome Shelter","Daily","No","Yes","YES","Yes",46.53677824,-84.38502609
"Civic # 293-A",,,"Daily","No","No","NO","No",46.53085456,-84.3816654
"Civic # 193",,,"Daily","No","No","NO","No",46.52795533,-84.38147438
"Civic # 131",,,"Daily","No","No","NO","No",46.52604539,-84.38137011
"Civic # 75",,,"Daily","No","No","NO","No",46.52434462,-84.38126999
"Civic # 284",,,"Daily","No","No","NO","No",46.53040091,-84.38141571
"B.S.",,"New Flat Top Shelter","Daily","No","No","YES","Yes",46.53105942,-84.38083725
"Civic # 485",,,"Daily","No","No","NO","No",46.53139951,-84.36945456
"Civic # 331",,,"Daily","No","No","YES","No",46.53161248,-84.36335388
"Across from Civic # 373",,,"Daily","No","No","YES","No",46.53337727,-84.360565
"Civic # 175",,,"Daily","No","No","NO","No",46.53369292,-84.35958765
"Civic # 107",,,"Daily","No","No","NO","No",46.53378559,-84.35581346
"Civic # 43",,,"Daily","No","No","NO","No",46.53386266,-84.35269626
"Beside Civic # 645",,,"Daily","No","No","NO","No",46.53391893,-84.35046738
"Civic # 509",,,"Daily","No","No","NO","No",46.52902507,-84.34268523
"Civic # 431",,,"Daily","No","No","NO","No",46.52701882,-84.34310887
"B.S.",,"New Dome Shelter","Daily","No","Yes","YES","Yes",46.52479512,-84.34361713
"Civic # 315",,,"Daily","No","No","NO","No",46.52376901,-84.34373642
"Civic # 227",,,"Daily","No","No","YES","No",46.52137842,-84.34440231
,,,"Daily","No","No","NO","No",46.51978223,-84.34802552
"Civic # 382",,,"Daily","No","No","NO","No",46.51999625,-84.34995814
"Marconi Club",,,"Daily","No","No","NO","No",46.5201713,-84.35149957
"Civic # 686",,,"Daily","No","No","NO","No",46.52097395,-84.35864989
"Civic # 581",,,"Daily","No","No","NO","No",46.51927155,-84.35604733
,,,"Daily","No","No","NO","No",46.51877311,-84.35179702
"Across from International Bridge Plaza",,,"Daily","No","No","NO","No",46.51847516,-84.34923633
"B.S.",,"New Dome Shelter","Daily","No","Yes","YES","Yes",46.51777687,-84.3481431
"B.S.",,"Casino Shelter","Daily","No","Yes","NO","Yes",46.51646528,-84.34283268
"Civic # 310",,,"Daily","No","No","NO","No",46.5226935,-84.33905393
"Across from Chiropractic Clinic",,,"Daily","No","No","YES","No",46.52268972,-84.31924789
"B.S.",,"New Dome Shelter","Daily","No","Yes","YES","Yes",46.52530296,-84.31923609
"Dairy Queen",,,"Daily","No","No","YES","No",46.53215868,-84.31926094
"The Summit",,,"Daily","Yes","No","NO","No",46.53829473,-84.32870371
"Superior Heights",,,"Daily","No","No","NO","No",46.53843956,-84.33432554
"Across from Civic # 271",,,"Daily","No","No","NO","No",46.53869284,-84.33660834
"Across from Bitonti Motors",,,"Daily","No","No","NO","No",46.53864579,-84.34484951
"H&R Block",,,"Daily","Yes","No","NO","No",46.53784113,-84.35124773
,,,"Daily","No","No","NO","No",46.53779286,-84.35350807
"Subway",,,"Daily","No","No","NO","No",46.5376188,-84.36131768
"Across from Third Ave.",,,"Daily","No","No","NO","No",46.53741081,-84.36770768
"Across from First Ave.",,,"Daily","No","No","NO","No",46.53733455,-84.37010366
"Civic # 428",,,"Daily","No","No","NO","No",46.53728696,-84.37186142
"Civic # 544",,,"Daily","No","No","NO","No",46.5371588,-84.37722187
"Rear of Pawnbroker",,,"Daily","No","No","NO","No",46.53747474,-84.38178585
"Civic # 13",,,"Daily","No","No","NO","No",46.54091163,-84.38989181
"Civic # 47",,,"Daily","No","No","NO","No",46.53869349,-84.38993101
"Across from Civic # 8",,,"Daily","No","No","NO","No",46.53724878,-84.38986268
"B.S.",,"New Dome Shelter","Daily","No","Yes","YES","Yes",46.53688074,-84.3813337
"Holy Family Parish",,,"Daily","No","No","NO","No",46.5371834,-84.37061817
"Civic # 343",,,"Daily","No","No","NO","No",46.53725536,-84.36746857
"B.S.",,"New Dome Shelter","Daily","Yes","Yes","YES","Yes",46.53729867,-84.363861
"Tim Hortons",,,"Daily","No","No","NO","No",46.53738806,-84.36121318
"B.S.",,"New Flat Top Shelter","Daily","Yes","Yes","YES","Yes",46.53760408,-84.35088326
"Civic # 247",,,"Daily","No","No","NO","No",46.53861978,-84.33785341
"Donald Doucet Centre",,,"Daily","No","No","NO","No",46.53819433,-84.32499524
"McDonald's",,,"Daily","No","No","YES","No",46.53748106,-84.31905518
"B.S.",,"New Dome Shelter","Daily","No","Yes","YES","Yes",46.53538408,-84.31903351
"B.S.",,"New Dome Shelter","Daily","No","Yes","YES","Yes",46.53213352,-84.31961193
"Feet First",,,"Daily","No","No","YES","No",46.5284688,-84.31958096
"Superior Shopping Centre",,,"Daily","No","No","YES","No",46.52568096,-84.31952794
"PHI Dental Care",,,"Daily","No","No","YES","No",46.52350441,-84.31952463
"Great Lakes Honda - South Entrance",,,"Daily","No","No","NO","No",46.51819097,-84.31953632
,,,"Daily","No","No","NO","No",46.51682519,-84.31953508
"Civic # 323",,,"Daily","No","No","NO","No",46.51489329,-84.31952559
"Civic # 295",,,"Daily","No","No","YES","No",46.51344317,-84.31952054
"Civic # 263",,,"Daily","No","No","NO","No",46.51221221,-84.31952714
"Civic # 171",,,"Daily","No","No","NO","No",46.50875647,-84.32126267
"B.S.",,"New Dome Shelter","Daily","No","Yes","NO","Yes",46.50893407,-84.32942926
"B.S.",,"New Dome Shelter","Daily","No","Yes","NO","Yes",46.51280974,-84.33453759
"B.S.",,"New Dome Shelter","Daily","No","No","NO","Yes",46.51002061,-84.3336763
"Investors Group",,,"Daily","No","No","NO","No",46.50587704,-84.32380426
"Across from Civic # 942",,,"Daily","No","No","NO","No",46.50545121,-84.3194778
"Across from Civic # 1354",,,"Daily","No","No","NO","No",46.50237945,-84.29561977
"Civic # 1403",,,"Daily","No","No","NO","No",46.50164192,-84.29341942
"Civic # 1469-A",,,"Daily","No","No","NO","No",46.50053683,-84.29012357
"Civic # 1677",,,"Daily","No","No","NO","No",46.49737153,-84.28040529
"Civic # 1963",,,"Daily","No","No","NO","No",46.49861149,-84.26779412
"Across from Civic # 2006",,,"Daily","No","No","YES","No",46.4998568,-84.26657696
"Civic # 2115",,,"Daily","No","No","NO","No",46.50291066,-84.26360001
"Across from Civic # 2166",,,"Daily","No","No","NO","No",46.50440215,-84.2621491
,,,"Daily","No","No","NO","No",46.50817596,-84.25848797
,,,"Daily","No","No","NO","No",46.50960399,-84.25744054
,,,"Daily","No","No","NO","No",46.51231488,-84.25544487
,,,"Daily","No","No","NO","No",46.513263,-84.25473903
,,,"Daily","No","No","NO","No",46.5150825,-84.25343348
,,,"Daily","No","No","NO","No",46.51773399,-84.25150427
"Across from Hardwood St.",,,"Daily","No","No","NO","No",46.52169266,-84.25236869
"White Pines",,,"Daily","No","No","NO","No",46.52807535,-84.25937661
"Civic # 1163",,,"Daily","No","No","NO","No",46.52942217,-84.25633617
"Husky",,,"Daily","Yes","No","NO","No",46.53144928,-84.25171828
"Pole 9163",,,"Daily","No","No","NO","No",46.53500351,-84.24351503
"Civic # 23",,,"Daily","No","No","NO","No",46.53491396,-84.2424855
"Civic # 4222",,,"Daily","No","No","NO","No",46.53356038,-84.24013336
,,,"Daily","No","No","NO","No",46.53154428,-84.24159897
,,,"Daily","No","No","NO","No",46.52769028,-84.24438979
,,,"Daily","No","No","NO","No",46.52550446,-84.24601896
,,,"Daily","No","No","NO","No",46.51893443,-84.24668833
,,,"Daily","No","No","NO","No",46.51974003,-84.24836678
,,,"Daily","No","No","NO","No",46.52008144,-84.24998371
,,,"Daily","No","No","NO","No",46.51778316,-84.25164403
"Beside Civic # 3",,,"Daily","No","No","NO","No",46.51511782,-84.25363729
"PUC Well Station",,,"Daily","No","No","NO","No",46.50943212,-84.25780219
"Civic # 2166",,,"Daily","No","No","NO","No",46.5044228,-84.26236508
"Civic # 2000",,,"Daily","No","No","NO","No",46.49991861,-84.26679086
"Civic # 1954",,,"Daily","No","No","NO","No",46.49858671,-84.26807896
"Civic # 1772",,,"Daily","No","No","NO","No",46.49694278,-84.27522101
"Civic # 1664",,,"Daily","No","No","NO","No",46.49771523,-84.28097604
"Child Care Algoma",,,"Daily","No","No","NO","No",46.49857613,-84.28375587
"Civic # 1390",,,"Daily","No","No","YES","No",46.50195122,-84.2938588
"Civic # 1260",,,"Daily","No","No","NO","No",46.50411212,-84.30035093
,,,"Daily","No","No","NO","No",46.50457226,-84.30386133
"B.S.",,"New Half Shelter","Daily","No","Yes","YES","Yes",46.50488708,-84.30818774
"Civic # 1162",,,"Daily","No","No","NO","No",46.50496813,-84.30960409
"Civic # 1076",,,"Daily","No","No","NO","No",46.50512719,-84.31200394
"Civic # 1042",,,"Daily","No","No","NO","No",46.50528473,-84.31439111
"Civic # 1024",,,"Daily","No","No","NO","No",46.50535883,-84.3154916
"Civic # 918",,,"Daily","No","No","NO","No",46.50572142,-84.3210147
"Across from Station Tower",,,"Daily","No","No","NO","No",46.51105895,-84.3357069
"Pavilion",,,"Daily","No","No","NO","No",46.50936651,-84.33564197
"City Hall",,,"Daily","No","No","NO","No",46.50760749,-84.3335325
"Civic # 138",,,"Daily","No","No","NO","No",46.50841175,-84.32667056
"Civic # 749",,,"Daily","No","No","NO","No",46.50927639,-84.32252578
"Across from Civic # 267",,,"Daily","No","No","NO","No",46.51244494,-84.31929655
,,,"Daily","No","No","YES","No",46.51394614,-84.31928838
"Civic # 350",,,"Daily","No","No","YES","No",46.51589714,-84.31927959
"Civic # 386",,,"Daily","No","No","YES","No",46.5171361,-84.31927625
"Across from Civic # 328",,,"Daily","No","No","YES","No",46.52170209,-84.31182281
"Across from Civic # 518",,,"Daily","No","No","NO","No",46.52173562,-84.30178241
"Civic # 593",,,"Daily","No","No","NO","No",46.52128292,-84.29559434
"Heritage Place",,,"Daily","No","No","NO","No",46.51584642,-84.28960509
"Pathways Retirement Residence",,,"Daily","No","No","NO","No",46.51674724,-84.28512646
"Community First",,,"Daily","No","No","NO","No",46.52009063,-84.27753052
"B.S.",,"New Dome Shelter","Daily","No","Yes","YES","Yes",46.52138026,-84.2745666
"B.S.",,"New Dome Shelter","Daily","No","Yes","NO","Yes",46.52471913,-84.26694624
"World Cars Kia",,,"Daily","No","No","NO","No",46.52696317,-84.26187973
"Shady Rest Motel",,,"Daily","No","No","NO","No",46.53636217,-84.24046068
"Shady Pines Motel",,,"Daily","No","No","NO","No",46.53735523,-84.23818379
,,,"Daily","No","No","YES","No",46.53927805,-84.2356243
,,,"Daily","No","No","NO","No",46.5380224,-84.23843308
,,,"Daily","No","No","NO","No",46.53579759,-84.24349673
,,,"Daily","No","No","NO","No",46.53455199,-84.24637976
,,,"Daily","No","No","NO","No",46.53372987,-84.24820838
,,,"Daily","No","No","NO","No",46.53229778,-84.25149275
,,,"Daily","No","No","NO","No",46.5281879,-84.26088814
,,,"Daily","No","No","NO","No",46.52714379,-84.26325077
,,,"Daily","Yes","No","YES","No",46.52402958,-84.27031099
"B.S.",,"New Dome Shelter","Daily","No","Yes","YES","Yes",46.51682663,-84.28363822
"Civic # 74",,,"Daily","No","No","NO","No",46.51571359,-84.28389553
"Fountain Tire",,,"Daily","No","No","NO","No",46.51812112,-84.28808476
"B.S.",,"Old Shelter","Daily","No","Yes","YES","Yes",46.51628732,-84.28962343
"Civic # 586",,,"Daily","No","No","NO","No",46.51561361,-84.29358666
"Civic # 508",,,"Daily","No","No","NO","No",46.51822221,-84.29539377
"Civic # 588",,,"Daily","No","No","NO","No",46.52129873,-84.2954105
"Civic # 592",,,"Daily","No","No","NO","No",46.52195176,-84.29819567
"Civic # 528",,,"Daily","No","No","NO","No",46.52193567,-84.30131277
"B.S.",,"New Dome Shelter","Daily","No","Yes","YES","Yes",46.52193099,-84.30522295
"Elim Tabernacle",,,"Daily","No","No","NO","No",46.52188482,-84.31223323
"Civic # 264",,,"Daily","No","No","NO","No",46.52187797,-84.3146222
"B.S.",,"New Dome Shelter","Daily","Yes","Yes","YES","Yes",46.52189789,-84.31655116
"Civic # 379",,,"Daily","No","No","NO","No",46.52006803,-84.32411935
"Across from Civic # 857",,,"Daily","No","No","NO","No",46.54128376,-84.35053487
"Civic # 968",,,"Daily","No","No","NO","No",46.54500297,-84.35078947
,,,"Daily","No","No","NO","No",46.55147716,-84.35121901
,,,"Daily","No","No","NO","No",46.56691075,-84.34743406
"B.S.",,"New Dome Shelter","Daily","Yes","Yes","YES","Yes",46.56620006,-84.35225327
,,,"Daily","No","No","NO","No",46.56241412,-84.35200022
"Civic # 1419",,,"Daily","No","No","NO","No",46.56039851,-84.35188854
,,,"Daily","No","No","NO","No",46.55887807,-84.35178421
"Civic # 1295",,,"Daily","No","No","NO","No",46.55616724,-84.35164664
"B.S.",,"New Dome Shelter","Daily","No","Yes","YES","Yes",46.5547759,-84.351622
"Across from Civic # 1174",,,"Daily","No","No","NO","No",46.55202304,-84.3514493
"Civic # 1079",,,"Daily","No","No","YES","No",46.54874562,-84.35123275
"Finnish Pentecostal Church",,,"Daily","No","No","NO","No",46.54269079,-84.35083289
"Civic # 857",,,"Daily","No","No","NO","No",46.54124002,-84.35073316
"Civic # 807",,,"Daily","No","No","NO","No",46.53969867,-84.35062403
"Civic # 522",,,"Daily","No","No","NO","No",46.53827781,-84.36087059
"Civic # 566",,,"Daily","No","No","NO","No",46.53993007,-84.36095052
"Civic # 598",,,"Daily","No","No","NO","No",46.54096458,-84.36099948
"Civic # 640",,,"Daily","No","No","NO","No",46.54226344,-84.36106068
"Civic # 696",,,"Daily","No","No","NO","No",46.54452162,-84.3611814
"Civic # 290",,,"Daily","No","No","NO","No",46.54460485,-84.37072268
"Civic # 679",,,"Daily","No","No","NO","No",46.54301455,-84.37006099
"Civic # 563",,,"Daily","No","No","NO","No",46.53952881,-84.36774428
"No Frills - East Entrance",,,"Daily","No","No","NO","No",46.537862,-84.36663401
"Across from Devon Rd.",,,"Daily","No","No","NO","No",46.53383929,-84.36392118
"Service Grill",,,"Daily","Yes","No","NO","No",46.53165445,-84.36239167
"Civic # 283",,,"Daily","No","No","NO","No",46.53072396,-84.3617649
,,,"Daily","No","No","NO","No",46.52712726,-84.36126827
"Civic # 364",,,"Daily","No","No","NO","No",46.5239415,-84.33877012
"Civic # 454",,,"Daily","No","No","NO","No",46.52763774,-84.33784752
"Civic # 502",,,"Daily","No","No","NO","No",46.52892159,-84.33752277
"École Notre-Dame",,,"Daily","No","No","NO","No",46.53264436,-84.33659948
"Civic # 640",,,"Daily","No","No","NO","No",46.53390208,-84.33625052
"Across from Civic # 691",,,"Daily","No","No","NO","No",46.53730144,-84.3353919
"B.S.",,"Old Shelter","Daily","No","No","NO","Yes",46.54019879,-84.33460732
"Civic # 926",,,"Daily","No","No","NO","No",46.54366848,-84.33379343
"B.S.",,"New Dome Shelter","Daily","No","Yes","YES","Yes",46.54585174,-84.3329886
"Civic # 199",,,"Daily","No","No","NO","No",46.54550902,-84.3299201
"Civic # 139",,,"Daily","No","No","NO","No",46.54286777,-84.32978059
"Beside Civic # 29",,,"Daily","No","No","NO","No",46.54030865,-84.32966212
"Children's Aid Society",,,"Evenings/Weekends","No","No","NO","No",46.53399614,-84.32711716
,,,"Evenings/Weekends","No","No","NO","No",46.53401075,-84.32322258
"Microtel Inn",,,"Daily","No","No","NO","No",46.54709977,-84.31916454
"B.S.",,"New Dome Shelter","Daily","No","Yes","YES","Yes",46.53418818,-84.32259374
"Boreal French Immersion",,,"Daily","No","No","NO","No",46.53416485,-84.32499175
"Civic # 48",,,"Daily","No","No","NO","No",46.52121803,-84.33607429
"Civic # 90",,,"Daily","No","No","NO","No",46.52124876,-84.33481747
"Civic # 136",,,"Daily","No","No","NO","No",46.52128038,-84.33359933
"Civic # 172",,,"Daily","No","No","NO","No",46.52130799,-84.33245661
"Civic # 377",,,"Daily","No","No","NO","No",46.52080383,-84.33155938
"Across from Civic # 306",,,"Daily","No","No","NO","No",46.51865967,-84.33153639
"Scootz",,,"Daily","No","No","NO","No",46.51711501,-84.33073153
"Civic # 252",,,"Daily","No","No","NO","No",46.51615305,-84.33396542
"Civic # 166",,,"Daily","No","No","NO","No",46.51481983,-84.3337088
"Across from Scootz",,,"Daily","No","No","NO","No",46.51670626,-84.33071349
,,,"Daily","No","No","NO","No",46.5177757,-84.32902085
"Civic # 340",,,"Daily","No","No","NO","No",46.5194049,-84.32645348
"Civic # 106",,,"Daily","No","No","NO","No",46.52031347,-84.32341237
"Civic # 136",,,"Daily","No","No","NO","No",46.52147953,-84.32339783
"Across from Civic # 136",,,"Daily","No","No","NO","No",46.52171742,-84.32103559
"Civic # 12",,,"Daily","No","No","NO","No",46.52221353,-84.31526397
,,,"Daily","No","No","YES","No",46.52460198,-84.31526866
,,,"Daily","No","No","NO","No",46.52785285,-84.31528259
"Beside Civic # 86",,,"Daily","No","No","NO","No",46.52904338,-84.31529079
"Across from Rush Ave.",,,"Daily","No","No","NO","No",46.53137087,-84.3152943
"B.S.",,"Old Shelter","Daily","No","No","YES","Yes",46.53256082,-84.31527344
"NW Corner of Sault College",,,"Daily","No","No","NO","No",46.53384024,-84.31529159
"Across from Civic # 986",,,"Daily","No","No","NO","No",46.53290746,-84.30768773
"Across from Civic # 930",,,"Daily","No","No","NO","No",46.5310551,-84.30764306
"Across from Civic # 878",,,"Daily","No","No","NO","No",46.5292347,-84.3076444
"Civic # 787",,,"Daily","No","No","NO","No",46.52613462,-84.30757105
"B.S.",,"New Dome Shelter","Daily","No","Yes","YES","Yes",46.52333386,-84.30760756
"Across from Civic # 570",,,"Daily","No","No","NO","No",46.51873094,-84.30759871
"Across from Civic # 370",,,"Daily","No","No","NO","No",46.512091,-84.3075423
"Across from Breton Rd.",,,"Daily","No","No","NO","No",46.51060069,-84.30751206
"Civic # 107",,,"Daily","No","No","NO","No",46.50503932,-84.30357714
"Civic # 170",,,"Daily","No","No","NO","No",46.50586353,-84.29528797
,,,"Daily","No","No","NO","No",46.50764569,-84.2952978
"Civic # 282",,,"Daily","No","No","NO","No",46.5098962,-84.29531891
,,,"Daily","No","No","NO","No",46.5142717,-84.29709328
"Across from Civic # 141",,,"Daily","No","No","NO","No",46.51189158,-84.29909728
"Civic # 102",,,"Daily","No","No","YES","No",46.51119051,-84.30098482
,,,"Daily","No","No","NO","No",46.51075296,-84.3040485
,,,"Daily","No","No","YES","No",46.5122743,-84.30731567
"Civic # 498",,,"Daily","No","No","NO","No",46.51633324,-84.3073694
"Civic # 588",,,"Daily","No","No","NO","No",46.51940036,-84.30736562
"B.S.",,"New Dome Shelter","Daily","No","Yes","YES","Yes",46.52330244,-84.30735133
"Civic # 894",,,"Daily","No","No","NO","No",46.52981365,-84.30741417
,,,"Daily","No","No","NO","No",46.53103531,-84.30743721
"Beside Civic # 76",,,"Daily","No","No","NO","No",46.53333841,-84.31549552
"Across from Sault College Entrance",,,"Daily","No","No","YES","No",46.53094585,-84.31549182
"Civic # 171",,,"Daily","No","No","NO","No",46.52754994,-84.31549482
"B.S.",,"New Dome Shelter","Daily","No","Yes","YES","Yes",46.5248257,-84.31550902
"Group Health Centre",,,"Daily","No","No","NO","No",46.5222016,-84.31546482
,,,"Daily","No","No","NO","No",46.52780903,-84.27102609
"Across from Civic # 309",,,"Daily","No","No","NO","No",46.52453393,-84.25829631
"Across from ADSB",,,"Daily","No","No","NO","No",46.50920789,-84.32748257
"B.S.",,"New Dome Shelter","Daily","No","Yes","YES","Yes",46.53155171,-84.40799445
,,,"Daily","No","No","NO","No",46.52359821,-84.3810601
"Across from Civic # 1180",,,"Daily","No","No","NO","No",46.50461272,-84.30667707
"Across from Civic # 1170",,,"Daily","No","No","NO","No",46.50474427,-84.30850983
"Civic # 1085",,,"Daily","No","No","NO","No",46.50493584,-84.31139151
"Medical Arts Centre",,,"Weekdays","No","No","NO","No",46.50885672,-84.32595525
"Civic # 467",,,"Daily","No","No","NO","No",46.53589602,-84.36532869
"Doctor's Bldg.",,,"Daily","No","No","NO","No",46.50537748,-84.31819545
,,,"Daily","No","No","NO","No",46.52888892,-84.3813339
"Petro Canada - South Entrance",,,"Daily","No","No","NO","No",46.55301641,-84.3210437
,,,"Daily","No","No","NO","No",46.55128745,-84.32474959
,,,"Daily","No","No","NO","No",46.54882827,-84.32467548
,,,"Daily","No","No","NO","No",46.54736303,-84.32387771
"Beside TSC",,,"Daily","No","No","NO","No",46.5474306,-84.31998178
"South of Terrance Ave",,,"Daily","No","No","NO","No",46.54545705,-84.31912076
,,,"Daily","No","No","NO","No",46.54555461,-84.31866033
,,,"Daily","No","No","NO","No",46.5456073,-84.31527215
"B.S.",,"New Dome Shelter","Daily","No","Yes","YES","Yes",46.542223,-84.30933446
"Best Buy",,,"Daily","No","No","NO","No",46.54364072,-84.31902319
,,,"Daily","No","No","NO","No",46.54297449,-84.30965509
,,,"Weekdays","No","No","NO","No",46.51714956,-84.343875
"John Rhodes - North Entrance",,,"Daily","No","No","NO","No",46.50935647,-84.30130066
"B.S.",,"New Half Shelter","Daily","No","Yes","YES","Yes",46.52650679,-84.30737675
,,,"Daily","No","No","NO","No",46.54458896,-84.31222813
,,,"Daily","No","No","NO","No",46.52315177,-84.33656475
"Courthouse Entrance",,,"Daily","No","No","NO","No",46.51148148,-84.33273453
"Civic # 1744",,,"Daily","No","No","NO","No",46.49698687,-84.27703344
"Civic # 146",,,"Daily","No","No","NO","No",46.53386169,-84.35796822
"Civic # 102",,,"Daily","No","No","NO","No",46.53392104,-84.35561883
"Across from Civic # 940",,,"Daily","No","No","YES","No",46.50929882,-84.31657026
"Ideal Drug Mart",,,"Daily","No","No","NO","No",46.50950977,-84.29991496
"Across from Civic # 379",,,"Daily","No","No","NO","No",46.5199123,-84.32414486
,,,"Weekdays","No","No","NO","No",46.52952595,-84.32452175
,,,"Weekdays","No","No","NO","No",46.5410855,-84.33857148
"Canadian Motor Hotel",,,"Daily","No","No","NO","No",46.51816523,-84.319302
"Civic # 1335",,,"Daily","No","No","NO","No",46.53354479,-84.24688754
"Across from Bloor St. W.",,,"Daily","No","No","NO","No",46.52916021,-84.35107855
"Civic # 340",,,"Daily","Yes","No","NO","No",46.53227545,-84.36257897
"Civic # 366",,,"Daily","No","No","NO","No",46.53326972,-84.36326724
"Civic # 456",,,"Daily","No","No","NO","No",46.53546432,-84.36477549
"LCBO",,,"Daily","Yes","No","NO","No",46.53688445,-84.36574867
"Civic # 592",,,"Daily","No","No","NO","No",46.54014817,-84.36794688
"Across from Civic # 653",,,"Daily","No","No","NO","No",46.54202366,-84.36918542
"Civic # 718",,,"Daily","No","No","NO","No",46.54422019,-84.37064409
,,,"Daily","No","No","NO","No",46.54458445,-84.36697788
,,,"Daily","No","No","NO","No",46.53803946,-84.3610487
,,,"Daily","No","No","NO","No",46.55385755,-84.34087582
,,,"Daily","No","No","NO","No",46.56677715,-84.34171345
"Great Lakes Forestry Centre",,,"Daily","No","No","NO","No",46.50438851,-84.30335166
,,,"Daily","No","No","NO","No",46.54237455,-84.3189597
"Fastenal",,,"Daily","No","No","NO","No",46.54575834,-84.31940359
"Circle K",,,"Daily","No","No","NO","No",46.53863697,-84.30843717
"Paul Davis",,,"Daily","No","No","NO","No",46.5336499,-84.32948875
,,,"Daily","No","No","NO","No",46.5303432,-84.33004332
"Civic # 87",,,"Daily","No","No","NO","No",46.52644373,-84.33031941
"Civic # 41",,,"Daily","No","No","NO","No",46.52502026,-84.32979826
,,,"Daily","No","No","NO","No",46.55339368,-84.31943078
"Northwood Funeral Home",,,"Daily","No","No","NO","No",46.55527245,-84.31960043
,,,"Daily","No","No","NO","No",46.5647303,-84.32046579
,,,"Daily","No","No","NO","No",46.56744934,-84.31995742
,,,"Daily","No","No","NO","No",46.56493466,-84.32077959
,,,"Daily","No","No","NO","No",46.56306537,-84.32061058
,,,"Daily","No","No","NO","No",46.55651847,-84.32002933
"Soo Mill",,,"Daily","No","No","NO","No",46.54336244,-84.3192919
"Across from Beer Store",,,"Daily","No","No","NO","No",46.54154987,-84.31921645
,,,"Daily","Yes","No","NO","No",46.54031219,-84.31585302
,,,"Daily","No","No","NO","No",46.53673003,-84.39450647
,,,"Daily","No","No","NO","No",46.53667311,-84.39710805
,,,"Daily","No","No","NO","No",46.53662079,-84.39909174
,,,"Daily","No","No","NO","No",46.53649641,-84.40379926
,,,"Daily","No","No","NO","No",46.53633033,-84.41074997
,,,"Daily","No","No","NO","No",46.53405853,-84.41179438
,,,"Daily","No","No","NO","No",46.53136561,-84.41101346
,,,"Daily","No","No","NO","No",46.53050201,-84.40301278
"Across from S. Eden St.",,,"Daily","No","No","NO","No",46.529301,-84.39511117
"Across from Civic # 906",,,"Daily","No","No","NO","No",46.52940253,-84.39089291
"Civic # 179",,,"Daily","No","No","NO","No",46.53125735,-84.38984086
,,,"Daily","No","No","NO","No",46.53132057,-84.38682545
,,,"Daily","No","No","NO","No",46.53137532,-84.38427651
"Pole 11881",,,"Daily","No","No","NO","No",46.53143647,-84.38212774
,,,"Weekdays","No","No","NO","No",46.53502392,-84.3177338
,,,"Weekdays","No","No","NO","No",46.53994182,-84.33651761
,,,"Weekdays","No","No","NO","No",46.54088718,-84.31554555
,,,"Daily","Yes","No","NO","No",46.5404026,-84.31615807
,,,"Daily","No","No","NO","No",46.55414917,-84.31981194
"Civic # 1123",,,"Daily","No","No","NO","No",46.56114767,-84.32044619
,,,"Daily","No","No","NO","No",46.56410657,-84.34155014
,,,"Daily","No","No","NO","No",46.56177406,-84.34138819
,,,"Daily","No","No","NO","No",46.55851329,-84.34117585
"Across from Civic # 684",,,"Daily","No","No","NO","No",46.54412024,-84.36136534
"Across from Civic # 592",,,"Daily","No","No","NO","No",46.54084675,-84.36120488
"Medicine Shoppe",,,"Daily","No","No","NO","No",46.53802859,-84.36653661
"Korah C & VS",,,"Daily","No","No","NO","No",46.54139668,-84.38198301
,,,"Daily","No","No","NO","No",46.53073475,-84.40513288
"Civic # 116",,,"Daily","No","No","NO","No",46.53143749,-84.38782983
"Civic # 525",,,"Daily","No","No","NO","No",46.53133046,-84.37194604
"Mazzuca Chiropractic",,,"Daily","Yes","No","NO","No",46.53691813,-84.36601909
"Across from Parliament St.",,,"Daily","No","No","NO","No",46.53198355,-84.34448978
"Across from Wood Wyant",,,"Daily","No","No","NO","No",46.52119479,-84.33946275
,,,"Evenings/Weekends","No","No","NO","No",46.53400938,-84.32498244
,,,"Evenings/Weekends","No","No","NO","No",46.5339969,-84.32832409
,,,"Weekdays","No","No","NO","No",46.53254139,-84.32342536
"Dollarama",,,"Evenings/Weekends","No","No","NO","No",46.53401717,-84.3212606
"Across from Civic # 382",,,"Daily","No","No","NO","No",46.51990795,-84.35011654
"Across from Marconi Club",,,"Daily","No","No","NO","No",46.52004409,-84.35133861
"B.S.",,"New Dome Shelter","Daily","No","Yes","NO","Yes",46.51824692,-84.34063435
"B.S.",,"New Dome Shelter","Daily","No","No","NO","Yes",46.51941121,-84.33970437
"Casino",,,"Daily","No","No","NO","No",46.51741728,-84.34227453
"Queenstown Residences",,,"Daily","No","No","NO","No",46.50650044,-84.32395665
"Civic # 1009",,,"Daily","No","No","NO","No",46.50526673,-84.31646029
"Across from Upton Rd.",,,"Daily","No","No","NO","No",46.50509653,-84.31404572
"Civic # 472",,,"Daily","No","No","NO","No",46.51671538,-84.27071287
"Civic # 172",,,"Daily","No","No","NO","No",46.51720838,-84.27267622
"Pole 19856",,,"Daily","No","No","NO","No",46.5183637,-84.27482641
"Giant Tiger",,,"Daily","Yes","No","NO","No",46.52008159,-84.275814
,,,"Weekdays","No","No","NO","No",46.52251436,-84.32563562
"Wellwise",,,"Daily","No","No","NO","No",46.52171022,-84.31818394
,,,"Daily","No","No","NO","No",46.52814557,-84.29979843
,,,"Evenings/Weekends","No","No","NO","No",46.53069702,-84.30647538
,,,"Daily","No","No","NO","No",46.53557486,-84.31765162
,,,"Daily","No","No","NO","No",46.5373379,-84.31538684
"Civic # 911",,,"Daily","No","No","NO","No",46.50556771,-84.32107257
"Ho Shin Sool",,,"Daily","No","No","NO","No",46.53098896,-84.36169246
,,,"Evenings/Weekends","No","No","NO","No",46.5281859,-84.30019141
"Civic # 986",,,"Daily","No","No","NO","No",46.53290589,-84.30744133
"NW Corner of Wellington Sq. Mall",,,"Daily","Yes","No","NO","No",46.52082118,-84.27594481
,,,"Evenings/Weekends","No","No","NO","No",46.52947718,-84.30219817
,,,"Evenings/Weekends","No","No","NO","No",46.52920657,-84.30180629
,,,"Evenings/Weekends","No","No","NO","No",46.52890227,-84.29796555
"Beside Civic # 324",,,"Daily","Yes","No","NO","No",46.53198604,-84.36217843
"Missanabie Cree First Nation",,,"Daily","No","No","NO","No",46.50907447,-84.33023057
"Civic # 547",,,"Daily","No","No","NO","No",46.53913202,-84.36110933
"Subway",,,"Daily","No","No","YES","No",46.53086538,-84.3195913
,,"New Dome Shelter","Daily","No","Yes","YES","Yes",46.54877988,-84.3178292
"B.S.",,"New Dome Shelter","Daily","No","Yes","YES","Yes",46.54928541,-84.31922957
,,,"Daily","No","No","NO","No",46.55291988,-84.31721559
,,,"Daily","No","No","NO","No",46.55292584,-84.31472472
,,,"Daily","No","No","NO","No",46.55308577,-84.3096416
,,,"Daily","No","No","NO","No",46.54773919,-84.30926142
,,,"Daily","No","No","NO","No",46.54718034,-84.3115164
"B.S.",,"New Dome Shelter","Daily","No","Yes","YES","Yes",46.53254339,46.53254339
"Pole 12962",,,"Daily","No","No","NO","No",46.53036509,-84.35507627
"Pole 12960",,,"Daily","No","No","NO","No",46.53031271,-84.35740704
,,,"Daily","No","No","NO","No",46.53853071,-84.31214463
"Pole 00030",,,"Daily","No","No","NO","No",46.52104616,-84.34776423
"Hard Wok Café",,,"Daily","No","No","NO","No",46.52091156,-84.34762998
"Former Walmart",,,"Daily","No","No","NO","No",46.51401128,-84.34223837
"Galaxy Cinema",,,"Daily","No","No","NO","No",46.51160846,-84.33985152
"Across from Sherbourne St.",,,"Daily","No","No","NO","No",46.52930895,-84.35160543
"Civic # 367",,,"Daily","No","No","NO","No",46.53401684,-84.31807619
"Civic # 370",,,"Daily","No","No","NO","No",46.53418071,-84.3178948
"Water Tower",,,"Daily","No","No","NO","No",46.53836917,-84.31709865
"Pole 6261",,,"Daily","No","No","NO","No",46.52787603,-84.31612799
"North 82",,,"Daily","No","No","NO","No",46.52785452,-84.31868577
,,"New Dome Shelter","Daily","Yes","Yes","NO","Yes",46.53396334,-84.31090691
"1st Pole east of Aurora's Hillside",,,"Daily","No","No","NO","No",46.53873462,-84.31208592
"Ashley HomeStore",,,"Evenings/Weekends","No","No","NO","No",46.5339842,-84.33014945